公司名称,链接
长春长光辰芯微电子股份有限公司,https://www.sse.com.cn/listing/renewal/ipo/index_listing_detail.shtml?auditId=1927
宁波中淳高科股份有限公司,https://www.sse.com.cn/listing/renewal/ipo/index_listing_detail.shtml?auditId=1618
上海维安电子股份有限公司,https://www.sse.com.cn/listing/renewal/ipo/index_listing_detail.shtml?auditId=1821
新特能源股份有限公司,https://www.sse.com.cn/listing/renewal/ipo/index_listing_detail.shtml?auditId=1697
中钢集团马鞍山矿山研究总院股份有限公司,https://www.sse.com.cn/listing/renewal/ipo/index_listing_detail.shtml?auditId=1355
长光卫星技术股份有限公司,https://www.sse.com.cn/listing/renewal/ipo/index_listing_detail.shtml?auditId=1358
杭州飞仕得科技股份有限公司,https://www.sse.com.cn/listing/renewal/ipo/index_listing_detail.shtml?auditId=1819
新黎明科技股份有限公司,https://www.sse.com.cn/listing/renewal/ipo/index_listing_detail.shtml?auditId=1514
上海如鲲新材料股份有限公司,https://www.sse.com.cn/listing/renewal/ipo/index_listing_detail.shtml?auditId=1876
无锡海达光能股份有限公司,https://www.sse.com.cn/listing/renewal/ipo/index_listing_detail.shtml?auditId=1517
深圳飞骧科技股份有限公司,https://www.sse.com.cn/listing/renewal/ipo/index_listing_detail.shtml?auditId=1320
南京轩凯生物科技股份有限公司,https://www.sse.com.cn/listing/renewal/ipo/index_listing_detail.shtml?auditId=1404
南通联亚药业股份有限公司,https://www.sse.com.cn/listing/renewal/ipo/index_listing_detail.shtml?auditId=1335
杭州键嘉医疗科技股份有限公司,https://www.sse.com.cn/listing/renewal/ipo/index_listing_detail.shtml?auditId=1786
长沙北斗产业安全技术研究院股份有限公司,https://www.sse.com.cn/listing/renewal/ipo/index_listing_detail.shtml?auditId=1816
深圳和美精艺半导体科技股份有限公司,https://www.sse.com.cn/listing/renewal/ipo/index_listing_detail.shtml?auditId=2026
中轻长泰（长沙）智能科技股份有限公司,https://www.sse.com.cn/listing/renewal/ipo/index_listing_detail.shtml?auditId=1934
深圳善康医药科技股份有限公司,https://www.sse.com.cn/listing/renewal/ipo/index_listing_detail.shtml?auditId=1353
山东百多安医疗器械股份有限公司,https://www.sse.com.cn/listing/renewal/ipo/index_listing_detail.shtml?auditId=1343
浙江春晖环保能源股份有限公司,https://www.sse.com.cn/listing/renewal/ipo/index_listing_detail.shtml?auditId=1837
湖南兴天电子科技股份有限公司,https://www.sse.com.cn/listing/renewal/ipo/index_listing_detail.shtml?auditId=1898
江苏理研科技股份有限公司,https://www.sse.com.cn/listing/renewal/ipo/index_listing_detail.shtml?auditId=1929
江苏风和医疗器材股份有限公司,https://www.sse.com.cn/listing/renewal/ipo/index_listing_detail.shtml?auditId=1998
硅谷数模（苏州）半导体股份有限公司,https://www.sse.com.cn/listing/renewal/ipo/index_listing_detail.shtml?auditId=1817
湖南星邦智能装备股份有限公司,https://www.sse.com.cn/listing/renewal/ipo/index_listing_detail.shtml?auditId=1693
江苏宝众宝达药业股份有限公司,https://www.sse.com.cn/listing/renewal/ipo/index_listing_detail.shtml?auditId=2002
江苏中法水务股份有限公司,https://www.sse.com.cn/listing/renewal/ipo/index_listing_detail.shtml?auditId=1717
浙江欣兴工具股份有限公司,https://www.sse.com.cn/listing/renewal/ipo/index_listing_detail.shtml?auditId=1999
杭州中欣晶圆半导体股份有限公司,https://www.sse.com.cn/listing/renewal/ipo/index_listing_detail.shtml?auditId=1309
深圳尚阳通科技股份有限公司,https://www.sse.com.cn/listing/renewal/ipo/index_listing_detail.shtml?auditId=1813
飞潮（上海）新材料股份有限公司,https://www.sse.com.cn/listing/renewal/ipo/index_listing_detail.shtml?auditId=1991
沃太能源股份有限公司,https://www.sse.com.cn/listing/renewal/ipo/index_listing_detail.shtml?auditId=1427
北京晶亦精微科技股份有限公司,https://www.sse.com.cn/listing/renewal/ipo/index_listing_detail.shtml?auditId=1976
四川凤生纸业科技股份有限公司,https://www.sse.com.cn/listing/renewal/ipo/index_listing_detail.shtml?auditId=1895
上海联适导航技术股份有限公司,https://www.sse.com.cn/listing/renewal/ipo/index_listing_detail.shtml?auditId=1896
宁波伏尔肯科技股份有限公司,https://www.sse.com.cn/listing/renewal/ipo/index_listing_detail.shtml?auditId=1953
江苏金陵环境股份有限公司,https://www.sse.com.cn/listing/renewal/ipo/index_listing_detail.shtml?auditId=1658
江苏新扬新材料股份有限公司,https://www.sse.com.cn/listing/renewal/ipo/index_listing_detail.shtml?auditId=1807
重庆润际远东新材料科技股份有限公司,https://www.sse.com.cn/listing/renewal/ipo/index_listing_detail.shtml?auditId=1495
武汉长利新材料科技股份有限公司,https://www.sse.com.cn/listing/renewal/ipo/index_listing_detail.shtml?auditId=1502
长风药业股份有限公司,https://www.sse.com.cn/listing/renewal/ipo/index_listing_detail.shtml?auditId=1834
北京城建设计发展集团股份有限公司,https://www.sse.com.cn/listing/renewal/ipo/index_listing_detail.shtml?auditId=2032
华宝证券股份有限公司,https://www.sse.com.cn/listing/renewal/ipo/index_listing_detail.shtml?auditId=1716
山东华光光电子股份有限公司,https://www.sse.com.cn/listing/renewal/ipo/index_listing_detail.shtml?auditId=1902
湖南五新智能科技股份有限公司,https://www.sse.com.cn/listing/renewal/ipo/index_listing_detail.shtml?auditId=2024
博创智能装备股份有限公司,https://www.sse.com.cn/listing/renewal/ipo/index_listing_detail.shtml?auditId=1176
山东绿霸化工股份有限公司,https://www.sse.com.cn/listing/renewal/ipo/index_listing_detail.shtml?auditId=1468
福建海电运维科技股份有限公司,https://www.sse.com.cn/listing/renewal/ipo/index_listing_detail.shtml?auditId=1859
北京华卓精科科技股份有限公司,https://www.sse.com.cn/listing/renewal/ipo/index_listing_detail.shtml?auditId=571
地通工业控股集团股份有限公司,https://www.sse.com.cn/listing/renewal/ipo/index_listing_detail.shtml?auditId=1886
江苏海安农村商业银行股份有限公司,https://www.sse.com.cn/listing/renewal/ipo/index_listing_detail.shtml?auditId=1671
渔翁信息技术股份有限公司,https://www.sse.com.cn/listing/renewal/ipo/index_listing_detail.shtml?auditId=1401
上海欣诺通信技术股份有限公司,https://www.sse.com.cn/listing/renewal/ipo/index_listing_detail.shtml?auditId=1959
浙江亚通新材料股份有限公司,https://www.sse.com.cn/listing/renewal/ipo/index_listing_detail.shtml?auditId=1871
西藏阜康医疗股份有限公司,https://www.sse.com.cn/listing/renewal/ipo/index_listing_detail.shtml?auditId=1576
兆讯恒达科技股份有限公司,https://www.sse.com.cn/listing/renewal/ipo/index_listing_detail.shtml?auditId=1921
赞同科技股份有限公司,https://www.sse.com.cn/listing/renewal/ipo/index_listing_detail.shtml?auditId=1541
广东德聚技术股份有限公司,https://www.sse.com.cn/listing/renewal/ipo/index_listing_detail.shtml?auditId=2033
四川省华盾防务科技股份有限公司,https://www.sse.com.cn/listing/renewal/ipo/index_listing_detail.shtml?auditId=2034
安徽新远科技股份有限公司,https://www.sse.com.cn/listing/renewal/ipo/index_listing_detail.shtml?auditId=1620
浙江凤登绿能环保股份有限公司,https://www.sse.com.cn/listing/renewal/ipo/index_listing_detail.shtml?auditId=1554
江苏新安电器股份有限公司,https://www.sse.com.cn/listing/renewal/ipo/index_listing_detail.shtml?auditId=1809
洛阳涧光特种装备股份有限公司,https://www.sse.com.cn/listing/renewal/ipo/index_listing_detail.shtml?auditId=1634
昆山长鹰硬质材料科技股份有限公司,https://www.sse.com.cn/listing/renewal/ipo/index_listing_detail.shtml?auditId=1602
人本股份有限公司,https://www.sse.com.cn/listing/renewal/ipo/index_listing_detail.shtml?auditId=1561
岳阳振兴中顺新材料科技股份有限公司,https://www.sse.com.cn/listing/renewal/ipo/index_listing_detail.shtml?auditId=1897
永祺（中国）车业股份有限公司,https://www.sse.com.cn/listing/renewal/ipo/index_listing_detail.shtml?auditId=1732
浙江亘古电缆股份有限公司,https://www.sse.com.cn/listing/renewal/ipo/index_listing_detail.shtml?auditId=1695
上海生生医药冷链科技股份有限公司,https://www.sse.com.cn/listing/renewal/ipo/index_listing_detail.shtml?auditId=1923
新疆凯龙清洁能源股份有限公司,https://www.sse.com.cn/listing/renewal/ipo/index_listing_detail.shtml?auditId=1842
青岛信芯微电子科技股份有限公司,https://www.sse.com.cn/listing/renewal/ipo/index_listing_detail.shtml?auditId=1823
赛诺威盛科技（北京）股份有限公司,https://www.sse.com.cn/listing/renewal/ipo/index_listing_detail.shtml?auditId=1432
云舟生物科技（广州）股份有限公司,https://www.sse.com.cn/listing/renewal/ipo/index_listing_detail.shtml?auditId=1887
深圳垦拓流体技术股份有限公司,https://www.sse.com.cn/listing/renewal/ipo/index_listing_detail.shtml?auditId=2027
宁波斯贝科技股份有限公司,https://www.sse.com.cn/listing/renewal/ipo/index_listing_detail.shtml?auditId=1899
北京四环科宝制药股份有限公司,https://www.sse.com.cn/listing/renewal/ipo/index_listing_detail.shtml?auditId=1484
中圣科技（江苏）股份有限公司,https://www.sse.com.cn/listing/renewal/ipo/index_listing_detail.shtml?auditId=1846
镇海石化建安工程股份有限公司,https://www.sse.com.cn/listing/renewal/ipo/index_listing_detail.shtml?auditId=2000
深圳市尚水智能股份有限公司,https://www.sse.com.cn/listing/renewal/ipo/index_listing_detail.shtml?auditId=1977
北京金万众机械科技股份有限公司,https://www.sse.com.cn/listing/renewal/ipo/index_listing_detail.shtml?auditId=1949
华羿微电子股份有限公司,https://www.sse.com.cn/listing/renewal/ipo/index_listing_detail.shtml?auditId=1970
瀚天天成电子科技（厦门）股份有限公司,https://www.sse.com.cn/listing/renewal/ipo/index_listing_detail.shtml?auditId=2036
浙江金龙再生资源科技股份有限公司,https://www.sse.com.cn/listing/renewal/ipo/index_listing_detail.shtml?auditId=1563
中路交科科技股份有限公司,https://www.sse.com.cn/listing/renewal/ipo/index_listing_detail.shtml?auditId=1567
四川锦江电子医疗器械科技股份有限公司,https://www.sse.com.cn/listing/renewal/ipo/index_listing_detail.shtml?auditId=1833
新湖期货股份有限公司,https://www.sse.com.cn/listing/renewal/ipo/index_listing_detail.shtml?auditId=1724
成都高速公路股份有限公司,https://www.sse.com.cn/listing/renewal/ipo/index_listing_detail.shtml?auditId=1699
上海赢双电机科技股份有限公司,https://www.sse.com.cn/listing/renewal/ipo/index_listing_detail.shtml?auditId=1841
苏州明传感科技股份有限公司,https://www.sse.com.cn/listing/renewal/ipo/index_listing_detail.shtml?auditId=1957
中智经济技术合作股份有限公司,https://www.sse.com.cn/listing/renewal/ipo/index_listing_detail.shtml?auditId=1626
常州百佳年代薄膜科技股份有限公司,https://www.sse.com.cn/listing/renewal/ipo/index_listing_detail.shtml?auditId=1628
苏州佳祺仕科技股份有限公司,https://www.sse.com.cn/listing/renewal/ipo/index_listing_detail.shtml?auditId=1988
上海芯旺微电子技术股份有限公司,https://www.sse.com.cn/listing/renewal/ipo/index_listing_detail.shtml?auditId=1870
浙江安特磁材股份有限公司,https://www.sse.com.cn/listing/renewal/ipo/index_listing_detail.shtml?auditId=1603
佰聆数据股份有限公司,https://www.sse.com.cn/listing/renewal/ipo/index_listing_detail.shtml?auditId=1361
成都四方伟业软件股份有限公司,https://www.sse.com.cn/listing/renewal/ipo/index_listing_detail.shtml?auditId=1345
杭州华澜微电子股份有限公司,https://www.sse.com.cn/listing/renewal/ipo/index_listing_detail.shtml?auditId=1426
宁波奥拉半导体股份有限公司,https://www.sse.com.cn/listing/renewal/ipo/index_listing_detail.shtml?auditId=1346
轩竹生物科技股份有限公司,https://www.sse.com.cn/listing/renewal/ipo/index_listing_detail.shtml?auditId=1318
金成技术股份有限公司,https://www.sse.com.cn/listing/renewal/ipo/index_listing_detail.shtml?auditId=1802
武汉格蓝若智能技术股份有限公司,https://www.sse.com.cn/listing/renewal/ipo/index_listing_detail.shtml?auditId=1797
广东大普通信技术股份有限公司,https://www.sse.com.cn/listing/renewal/ipo/index_listing_detail.shtml?auditId=1820
浙江东方科脉电子股份有限公司,https://www.sse.com.cn/listing/renewal/ipo/index_listing_detail.shtml?auditId=1932
中乔体育股份有限公司,https://www.sse.com.cn/listing/renewal/ipo/index_listing_detail.shtml?auditId=1598
湖北祥云（集团）化工股份有限公司,https://www.sse.com.cn/listing/renewal/ipo/index_listing_detail.shtml?auditId=1655
泰盈科技集团股份有限公司,https://www.sse.com.cn/listing/renewal/ipo/index_listing_detail.shtml?auditId=1698
郑州恒达智控科技股份有限公司,https://www.sse.com.cn/listing/renewal/ipo/index_listing_detail.shtml?auditId=2012
英特派铂业股份有限公司,https://www.sse.com.cn/listing/renewal/ipo/index_listing_detail.shtml?auditId=1852
升辉新材料股份有限公司,https://www.sse.com.cn/listing/renewal/ipo/index_listing_detail.shtml?auditId=1911
凯博易控车辆科技（苏州）股份有限公司,https://www.sse.com.cn/listing/renewal/ipo/index_listing_detail.shtml?auditId=2003
北京明朝万达科技股份有限公司,https://www.sse.com.cn/listing/renewal/ipo/index_listing_detail.shtml?auditId=1398
国宏工具系统（无锡）股份有限公司,https://www.sse.com.cn/listing/renewal/ipo/index_listing_detail.shtml?auditId=1888
苏州长城精工科技股份有限公司,https://www.sse.com.cn/listing/renewal/ipo/index_listing_detail.shtml?auditId=1785
长春捷翼汽车科技股份有限公司,https://www.sse.com.cn/listing/renewal/ipo/index_listing_detail.shtml?auditId=1981
上海健耕医药科技股份有限公司,https://www.sse.com.cn/listing/renewal/ipo/index_listing_detail.shtml?auditId=1319
重庆军工产业集团股份有限公司,https://www.sse.com.cn/listing/renewal/ipo/index_listing_detail.shtml?auditId=1818
合肥芯谷微电子股份有限公司,https://www.sse.com.cn/listing/renewal/ipo/index_listing_detail.shtml?auditId=1796
浙江力玄运动科技股份有限公司,https://www.sse.com.cn/listing/renewal/ipo/index_listing_detail.shtml?auditId=1575
艾柯医疗器械（北京）股份有限公司,https://www.sse.com.cn/listing/renewal/ipo/index_listing_detail.shtml?auditId=1793
北京朗视仪器股份有限公司,https://www.sse.com.cn/listing/renewal/ipo/index_listing_detail.shtml?auditId=1269
深圳市爱康生物科技股份有限公司,https://www.sse.com.cn/listing/renewal/ipo/index_listing_detail.shtml?auditId=1321
浙江明泰控股发展股份有限公司,https://www.sse.com.cn/listing/renewal/ipo/index_listing_detail.shtml?auditId=1448
日照兴业汽车配件股份有限公司,https://www.sse.com.cn/listing/renewal/ipo/index_listing_detail.shtml?auditId=1616
南京世和基因生物技术股份有限公司,https://www.sse.com.cn/listing/renewal/ipo/index_listing_detail.shtml?auditId=1143
上海捷氢科技股份有限公司,https://www.sse.com.cn/listing/renewal/ipo/index_listing_detail.shtml?auditId=1272
得一微电子股份有限公司,https://www.sse.com.cn/listing/renewal/ipo/index_listing_detail.shtml?auditId=1347
先正达集团股份有限公司,https://www.sse.com.cn/listing/renewal/ipo/index_listing_detail.shtml?auditId=1814
樱桃谷育种科技股份有限公司,https://www.sse.com.cn/listing/renewal/ipo/index_listing_detail.shtml?auditId=1562
金盛海洋科技股份有限公司,https://www.sse.com.cn/listing/renewal/ipo/index_listing_detail.shtml?auditId=1774
山东京阳科技股份有限公司,https://www.sse.com.cn/listing/renewal/ipo/index_listing_detail.shtml?auditId=1512
翌圣生物科技（上海）股份有限公司,https://www.sse.com.cn/listing/renewal/ipo/index_listing_detail.shtml?auditId=1182
安徽金田高新材料股份有限公司,https://www.sse.com.cn/listing/renewal/ipo/index_listing_detail.shtml?auditId=1494
宁波敏达汽车科技股份有限公司,https://www.sse.com.cn/listing/renewal/ipo/index_listing_detail.shtml?auditId=1643
浙江斯普智能科技股份有限公司,https://www.sse.com.cn/listing/renewal/ipo/index_listing_detail.shtml?auditId=1646
北京昆仑联通科技发展股份有限公司,https://www.sse.com.cn/listing/renewal/ipo/index_listing_detail.shtml?auditId=1931
江苏安凯特科技股份有限公司,https://www.sse.com.cn/listing/renewal/ipo/index_listing_detail.shtml?auditId=1496
大连科利德半导体材料股份有限公司,https://www.sse.com.cn/listing/renewal/ipo/index_listing_detail.shtml?auditId=1840
认养一头牛控股集团股份有限公司,https://www.sse.com.cn/listing/renewal/ipo/index_listing_detail.shtml?auditId=1585
澎立生物医药技术（上海）股份有限公司,https://www.sse.com.cn/listing/renewal/ipo/index_listing_detail.shtml?auditId=1771
湖北科峰智能传动股份有限公司,https://www.sse.com.cn/listing/renewal/ipo/index_listing_detail.shtml?auditId=1974
河北英虎农业机械股份有限公司,https://www.sse.com.cn/listing/renewal/ipo/index_listing_detail.shtml?auditId=1486
浙江胜华波电器股份有限公司,https://www.sse.com.cn/listing/renewal/ipo/index_listing_detail.shtml?auditId=1632
和特能源（福建）股份有限公司,https://www.sse.com.cn/listing/renewal/ipo/index_listing_detail.shtml?auditId=2017
中科合成油技术股份有限公司,https://www.sse.com.cn/listing/renewal/ipo/index_listing_detail.shtml?auditId=1430
临工重机股份有限公司,https://www.sse.com.cn/listing/renewal/ipo/index_listing_detail.shtml?auditId=1592
江苏剑牌农化股份有限公司,https://www.sse.com.cn/listing/renewal/ipo/index_listing_detail.shtml?auditId=1597
深圳市诚捷智能装备股份有限公司,https://www.sse.com.cn/listing/renewal/ipo/index_listing_detail.shtml?auditId=1987
上海捍宇医疗科技股份有限公司,https://www.sse.com.cn/listing/renewal/ipo/index_listing_detail.shtml?auditId=1446
中国航油集团石油股份有限公司,https://www.sse.com.cn/listing/renewal/ipo/index_listing_detail.shtml?auditId=1737
亳州药都农村商业银行股份有限公司,https://www.sse.com.cn/listing/renewal/ipo/index_listing_detail.shtml?auditId=1727
上海爱科百发生物医药技术股份有限公司,https://www.sse.com.cn/listing/renewal/ipo/index_listing_detail.shtml?auditId=1792
毛戈平化妆品股份有限公司,https://www.sse.com.cn/listing/renewal/ipo/index_listing_detail.shtml?auditId=1670
大庆华理生物技术股份有限公司,https://www.sse.com.cn/listing/renewal/ipo/index_listing_detail.shtml?auditId=1186
澳斯康生物（南通）股份有限公司,https://www.sse.com.cn/listing/renewal/ipo/index_listing_detail.shtml?auditId=1294
安徽贝克制药股份有限公司,https://www.sse.com.cn/listing/renewal/ipo/index_listing_detail.shtml?auditId=1397
湖州申科生物技术股份有限公司,https://www.sse.com.cn/listing/renewal/ipo/index_listing_detail.shtml?auditId=1980
山东长信化学科技股份有限公司,https://www.sse.com.cn/listing/renewal/ipo/index_listing_detail.shtml?auditId=1489
重庆天箭惯性科技股份有限公司,https://www.sse.com.cn/listing/renewal/ipo/index_listing_detail.shtml?auditId=1889
北京华脉泰科医疗器械股份有限公司,https://www.sse.com.cn/listing/renewal/ipo/index_listing_detail.shtml?auditId=1403
蜂巢能源科技股份有限公司,https://www.sse.com.cn/listing/renewal/ipo/index_listing_detail.shtml?auditId=1266
甘肃皓天科技股份有限公司,https://www.sse.com.cn/listing/renewal/ipo/index_listing_detail.shtml?auditId=2006
湖南长步道光电科技股份有限公司,https://www.sse.com.cn/listing/renewal/ipo/index_listing_detail.shtml?auditId=1989
华鸿画家居股份有限公司,https://www.sse.com.cn/listing/renewal/ipo/index_listing_detail.shtml?auditId=1526
上海梦创双杨数据科技股份有限公司,https://www.sse.com.cn/listing/renewal/ipo/index_listing_detail.shtml?auditId=1715
迈创企业管理服务股份有限公司,https://www.sse.com.cn/listing/renewal/ipo/index_listing_detail.shtml?auditId=1487
浙江邦盛科技股份有限公司,https://www.sse.com.cn/listing/renewal/ipo/index_listing_detail.shtml?auditId=1850
爱士惟科技股份有限公司,https://www.sse.com.cn/listing/renewal/ipo/index_listing_detail.shtml?auditId=1933
衢州南高峰化工股份有限公司,https://www.sse.com.cn/listing/renewal/ipo/index_listing_detail.shtml?auditId=1556
苏州新大陆精密科技股份有限公司,https://www.sse.com.cn/listing/renewal/ipo/index_listing_detail.shtml?auditId=1485
想念食品股份有限公司,https://www.sse.com.cn/listing/renewal/ipo/index_listing_detail.shtml?auditId=1518
青岛海力威新材料科技股份有限公司,https://www.sse.com.cn/listing/renewal/ipo/index_listing_detail.shtml?auditId=1550
老娘舅餐饮股份有限公司,https://www.sse.com.cn/listing/renewal/ipo/index_listing_detail.shtml?auditId=1559
朗坤智慧科技股份有限公司,https://www.sse.com.cn/listing/renewal/ipo/index_listing_detail.shtml?auditId=1292
浙江星星冷链集成股份有限公司,https://www.sse.com.cn/listing/renewal/ipo/index_listing_detail.shtml?auditId=1659
山东福洋生物科技股份有限公司,https://www.sse.com.cn/listing/renewal/ipo/index_listing_detail.shtml?auditId=1660
河北晶禾电子技术股份有限公司,https://www.sse.com.cn/listing/renewal/ipo/index_listing_detail.shtml?auditId=1075
希诺股份有限公司,https://www.sse.com.cn/listing/renewal/ipo/index_listing_detail.shtml?auditId=1648
深圳市中航比特通讯技术股份有限公司,https://www.sse.com.cn/listing/renewal/ipo/index_listing_detail.shtml?auditId=1141
深圳芯邦科技股份有限公司,https://www.sse.com.cn/listing/renewal/ipo/index_listing_detail.shtml?auditId=1848
北京全式金生物技术股份有限公司,https://www.sse.com.cn/listing/renewal/ipo/index_listing_detail.shtml?auditId=1179
国铭铸管股份有限公司,https://www.sse.com.cn/listing/renewal/ipo/index_listing_detail.shtml?auditId=1623
深圳中兴新材技术股份有限公司,https://www.sse.com.cn/listing/renewal/ipo/index_listing_detail.shtml?auditId=1773
正大投资股份有限公司,https://www.sse.com.cn/listing/renewal/ipo/index_listing_detail.shtml?auditId=1564
纵目科技（上海）股份有限公司,https://www.sse.com.cn/listing/renewal/ipo/index_listing_detail.shtml?auditId=1340
江苏汇联活动地板股份有限公司,https://www.sse.com.cn/listing/renewal/ipo/index_listing_detail.shtml?auditId=1738
山东德州扒鸡股份有限公司,https://www.sse.com.cn/listing/renewal/ipo/index_listing_detail.shtml?auditId=1530
安徽安芯电子科技股份有限公司,https://www.sse.com.cn/listing/renewal/ipo/index_listing_detail.shtml?auditId=1026
河北金力新能源科技股份有限公司,https://www.sse.com.cn/listing/renewal/ipo/index_listing_detail.shtml?auditId=1428
常州富烯科技股份有限公司,https://www.sse.com.cn/listing/renewal/ipo/index_listing_detail.shtml?auditId=1766
鲜美来食品股份有限公司,https://www.sse.com.cn/listing/renewal/ipo/index_listing_detail.shtml?auditId=1645
浙江同富特美刻家居用品股份有限公司,https://www.sse.com.cn/listing/renewal/ipo/index_listing_detail.shtml?auditId=1523
青岛沃隆食品股份有限公司,https://www.sse.com.cn/listing/renewal/ipo/index_listing_detail.shtml?auditId=1613
湖北省鄂旅投旅游发展股份有限公司,https://www.sse.com.cn/listing/renewal/ipo/index_listing_detail.shtml?auditId=1723
安徽老乡鸡餐饮股份有限公司,https://www.sse.com.cn/listing/renewal/ipo/index_listing_detail.shtml?auditId=1492
树根互联股份有限公司,https://www.sse.com.cn/listing/renewal/ipo/index_listing_detail.shtml?auditId=1164
书香门地集团股份有限公司,https://www.sse.com.cn/listing/renewal/ipo/index_listing_detail.shtml?auditId=1640
大洋世家（浙江）股份公司,https://www.sse.com.cn/listing/renewal/ipo/index_listing_detail.shtml?auditId=1543
上海荣盛生物药业股份有限公司,https://www.sse.com.cn/listing/renewal/ipo/index_listing_detail.shtml?auditId=1256
宁波大叶园林工业股份有限公司,https://www.sse.com.cn/listing/renewal/ipo/index_listing_detail.shtml?auditId=1668
上海悦普广告集团股份有限公司,https://www.sse.com.cn/listing/renewal/ipo/index_listing_detail.shtml?auditId=1663
江苏齐晖医药科技股份有限公司,https://www.sse.com.cn/listing/renewal/ipo/index_listing_detail.shtml?auditId=1692
北京清大科越股份有限公司,https://www.sse.com.cn/listing/renewal/ipo/index_listing_detail.shtml?auditId=1280
海特克动力股份有限公司,https://www.sse.com.cn/listing/renewal/ipo/index_listing_detail.shtml?auditId=1491
北京康美特科技股份有限公司,https://www.sse.com.cn/listing/renewal/ipo/index_listing_detail.shtml?auditId=1406
赛卓电子科技（上海）股份有限公司,https://www.sse.com.cn/listing/renewal/ipo/index_listing_detail.shtml?auditId=1351
陕西汉王药业股份有限公司,https://www.sse.com.cn/listing/renewal/ipo/index_listing_detail.shtml?auditId=1589
鼎镁新材料科技股份有限公司,https://www.sse.com.cn/listing/renewal/ipo/index_listing_detail.shtml?auditId=1560
上海福贝宠物用品股份有限公司,https://www.sse.com.cn/listing/renewal/ipo/index_listing_detail.shtml?auditId=1755
广州天极电子科技股份有限公司,https://www.sse.com.cn/listing/renewal/ipo/index_listing_detail.shtml?auditId=1276
新疆新华水电投资股份有限公司,https://www.sse.com.cn/listing/renewal/ipo/index_listing_detail.shtml?auditId=1669
山西紫林醋业股份有限公司,https://www.sse.com.cn/listing/renewal/ipo/index_listing_detail.shtml?auditId=1614
深圳市微源半导体股份有限公司,https://www.sse.com.cn/listing/renewal/ipo/index_listing_detail.shtml?auditId=1146
重庆宇隆光电科技股份有限公司,https://www.sse.com.cn/listing/renewal/ipo/index_listing_detail.shtml?auditId=1709
飞依诺科技股份有限公司,https://www.sse.com.cn/listing/renewal/ipo/index_listing_detail.shtml?auditId=1431
北江智联纺织股份有限公司,https://www.sse.com.cn/listing/renewal/ipo/index_listing_detail.shtml?auditId=1650
中电科思仪科技股份有限公司,https://www.sse.com.cn/listing/renewal/ipo/index_listing_detail.shtml?auditId=1405
苏州韬略生物科技股份有限公司,https://www.sse.com.cn/listing/renewal/ipo/index_listing_detail.shtml?auditId=1192
北京吉威空间信息股份有限公司,https://www.sse.com.cn/listing/renewal/ipo/index_listing_detail.shtml?auditId=1114
舒普智能技术股份有限公司,https://www.sse.com.cn/listing/renewal/ipo/index_listing_detail.shtml?auditId=1515
无锡硅动力微电子股份有限公司,https://www.sse.com.cn/listing/renewal/ipo/index_listing_detail.shtml?auditId=1314
杭州联川生物技术股份有限公司,https://www.sse.com.cn/listing/renewal/ipo/index_listing_detail.shtml?auditId=1287
河南嘉晨智能控制股份有限公司,https://www.sse.com.cn/listing/renewal/ipo/index_listing_detail.shtml?auditId=1207
北京华昊中天生物医药股份有限公司,https://www.sse.com.cn/listing/renewal/ipo/index_listing_detail.shtml?auditId=1306
先正达集团股份有限公司,https://www.sse.com.cn/listing/renewal/ipo/index_listing_detail.shtml?auditId=992
浙江中天东方氟硅材料股份有限公司,https://www.sse.com.cn/listing/renewal/ipo/index_listing_detail.shtml?auditId=1493
思必驰科技股份有限公司,https://www.sse.com.cn/listing/renewal/ipo/index_listing_detail.shtml?auditId=1302
上海晋飞碳纤科技股份有限公司,https://www.sse.com.cn/listing/renewal/ipo/index_listing_detail.shtml?auditId=1407
上海聚威新材料股份有限公司,https://www.sse.com.cn/listing/renewal/ipo/index_listing_detail.shtml?auditId=1208
河南惠强新能源材料科技股份有限公司,https://www.sse.com.cn/listing/renewal/ipo/index_listing_detail.shtml?auditId=1315
苏州赛芯电子科技股份有限公司,https://www.sse.com.cn/listing/renewal/ipo/index_listing_detail.shtml?auditId=1262
上海兰宝传感科技股份有限公司,https://www.sse.com.cn/listing/renewal/ipo/index_listing_detail.shtml?auditId=1198
苏州绿控传动科技股份有限公司,https://www.sse.com.cn/listing/renewal/ipo/index_listing_detail.shtml?auditId=1408
北京忆恒创源科技股份有限公司,https://www.sse.com.cn/listing/renewal/ipo/index_listing_detail.shtml?auditId=1092
昆仑太科（北京）技术股份有限公司,https://www.sse.com.cn/listing/renewal/ipo/index_listing_detail.shtml?auditId=1271
浙江太美医疗科技股份有限公司,https://www.sse.com.cn/listing/renewal/ipo/index_listing_detail.shtml?auditId=1095
西安中核核仪器股份有限公司,https://www.sse.com.cn/listing/renewal/ipo/index_listing_detail.shtml?auditId=1337
北京集创北方科技股份有限公司,https://www.sse.com.cn/listing/renewal/ipo/index_listing_detail.shtml?auditId=1213
力品药业（厦门）股份有限公司,https://www.sse.com.cn/listing/renewal/ipo/index_listing_detail.shtml?auditId=1169
成都锐成芯微科技股份有限公司,https://www.sse.com.cn/listing/renewal/ipo/index_listing_detail.shtml?auditId=1210
珠海博雅科技股份有限公司,https://www.sse.com.cn/listing/renewal/ipo/index_listing_detail.shtml?auditId=1263
无锡中感微电子股份有限公司,https://www.sse.com.cn/listing/renewal/ipo/index_listing_detail.shtml?auditId=1293
以萨技术股份有限公司,https://www.sse.com.cn/listing/renewal/ipo/index_listing_detail.shtml?auditId=1267
钰泰半导体股份有限公司,https://www.sse.com.cn/listing/renewal/ipo/index_listing_detail.shtml?auditId=1172
上海昱章电气股份有限公司,https://www.sse.com.cn/listing/renewal/ipo/index_listing_detail.shtml?auditId=1270
杭州新中大科技股份有限公司,https://www.sse.com.cn/listing/renewal/ipo/index_listing_detail.shtml?auditId=1196
深圳市槟城电子股份有限公司,https://www.sse.com.cn/listing/renewal/ipo/index_listing_detail.shtml?auditId=1291
哈尔滨市科佳通用机电股份有限公司,https://www.sse.com.cn/listing/renewal/ipo/index_listing_detail.shtml?auditId=1193
苏州好博医疗器械股份有限公司,https://www.sse.com.cn/listing/renewal/ipo/index_listing_detail.shtml?auditId=1304
上海治臻新能源股份有限公司,https://www.sse.com.cn/listing/renewal/ipo/index_listing_detail.shtml?auditId=1296
北京盛诺基医药科技股份有限公司,https://www.sse.com.cn/listing/renewal/ipo/index_listing_detail.shtml?auditId=484
诚瑞光学（常州）股份有限公司,https://www.sse.com.cn/listing/renewal/ipo/index_listing_detail.shtml?auditId=1166
弈柯莱生物科技（上海）股份有限公司,https://www.sse.com.cn/listing/renewal/ipo/index_listing_detail.shtml?auditId=1261
明峰医疗系统股份有限公司,https://www.sse.com.cn/listing/renewal/ipo/index_listing_detail.shtml?auditId=1278
成都成发泰达航空科技股份有限公司,https://www.sse.com.cn/listing/renewal/ipo/index_listing_detail.shtml?auditId=1147
江苏国富氢能技术装备股份有限公司,https://www.sse.com.cn/listing/renewal/ipo/index_listing_detail.shtml?auditId=1288
北平机床（浙江）股份有限公司,https://www.sse.com.cn/listing/renewal/ipo/index_listing_detail.shtml?auditId=1253
北京英视睿达科技股份有限公司,https://www.sse.com.cn/listing/renewal/ipo/index_listing_detail.shtml?auditId=1299
浙江陀曼智能科技股份有限公司,https://www.sse.com.cn/listing/renewal/ipo/index_listing_detail.shtml?auditId=1301
深圳市柏瑞凯电子科技股份有限公司,https://www.sse.com.cn/listing/renewal/ipo/index_listing_detail.shtml?auditId=1173
珠海智融科技股份有限公司,https://www.sse.com.cn/listing/renewal/ipo/index_listing_detail.shtml?auditId=1138
宁波恒普真空科技股份有限公司,https://www.sse.com.cn/listing/renewal/ipo/index_listing_detail.shtml?auditId=1134
桂林光隆科技集团股份有限公司,https://www.sse.com.cn/listing/renewal/ipo/index_listing_detail.shtml?auditId=1067
上海国微思尔芯技术股份有限公司,https://www.sse.com.cn/listing/renewal/ipo/index_listing_detail.shtml?auditId=1018
珠海云洲智能科技股份有限公司,https://www.sse.com.cn/listing/renewal/ipo/index_listing_detail.shtml?auditId=1093
敏实集团有限公司,https://www.sse.com.cn/listing/renewal/ipo/index_listing_detail.shtml?auditId=1008
传神语联网网络科技股份有限公司,https://www.sse.com.cn/listing/renewal/ipo/index_listing_detail.shtml?auditId=864
荣信汇科电气股份有限公司,https://www.sse.com.cn/listing/renewal/ipo/index_listing_detail.shtml?auditId=1068
武汉新华扬生物股份有限公司,https://www.sse.com.cn/listing/renewal/ipo/index_listing_detail.shtml?auditId=1027
广州极飞科技股份有限公司,https://www.sse.com.cn/listing/renewal/ipo/index_listing_detail.shtml?auditId=1050
亚洲硅业（青海）股份有限公司,https://www.sse.com.cn/listing/renewal/ipo/index_listing_detail.shtml?auditId=777
华勤技术股份有限公司,https://www.sse.com.cn/listing/renewal/ipo/index_listing_detail.shtml?auditId=966
派格生物医药（苏州）股份有限公司,https://www.sse.com.cn/listing/renewal/ipo/index_listing_detail.shtml?auditId=1019
上海奉天电子股份有限公司,https://www.sse.com.cn/listing/renewal/ipo/index_listing_detail.shtml?auditId=922
国网智能科技股份有限公司,https://www.sse.com.cn/listing/renewal/ipo/index_listing_detail.shtml?auditId=923
北京谷数科技股份有限公司,https://www.sse.com.cn/listing/renewal/ipo/index_listing_detail.shtml?auditId=919
上海商米科技集团股份有限公司,https://www.sse.com.cn/listing/renewal/ipo/index_listing_detail.shtml?auditId=968
征图新视（江苏）科技股份有限公司,https://www.sse.com.cn/listing/renewal/ipo/index_listing_detail.shtml?auditId=929
辉芒微电子（深圳）股份有限公司,https://www.sse.com.cn/listing/renewal/ipo/index_listing_detail.shtml?auditId=1071
深圳市联软科技股份有限公司,https://www.sse.com.cn/listing/renewal/ipo/index_listing_detail.shtml?auditId=944
广东中图半导体科技股份有限公司,https://www.sse.com.cn/listing/renewal/ipo/index_listing_detail.shtml?auditId=862
大汉软件股份有限公司,https://www.sse.com.cn/listing/renewal/ipo/index_listing_detail.shtml?auditId=942
龙腾半导体股份有限公司,https://www.sse.com.cn/listing/renewal/ipo/index_listing_detail.shtml?auditId=930
西安大医集团股份有限公司,https://www.sse.com.cn/listing/renewal/ipo/index_listing_detail.shtml?auditId=990
浙江和泽医药科技股份有限公司,https://www.sse.com.cn/listing/renewal/ipo/index_listing_detail.shtml?auditId=935
江苏高凯精密流体技术股份有限公司,https://www.sse.com.cn/listing/renewal/ipo/index_listing_detail.shtml?auditId=918
江苏容汇通用锂业股份有限公司,https://www.sse.com.cn/listing/renewal/ipo/index_listing_detail.shtml?auditId=799
无锡盛景微电子股份有限公司,https://www.sse.com.cn/listing/renewal/ipo/index_listing_detail.shtml?auditId=991
广东雅达电子股份有限公司,https://www.sse.com.cn/listing/renewal/ipo/index_listing_detail.shtml?auditId=972
杭州索元生物医药股份有限公司,https://www.sse.com.cn/listing/renewal/ipo/index_listing_detail.shtml?auditId=1016
宁波菲仕技术股份有限公司,https://www.sse.com.cn/listing/renewal/ipo/index_listing_detail.shtml?auditId=939
山东益丰生化环保股份有限公司,https://www.sse.com.cn/listing/renewal/ipo/index_listing_detail.shtml?auditId=819
常州铭赛机器人科技股份有限公司,https://www.sse.com.cn/listing/renewal/ipo/index_listing_detail.shtml?auditId=1013
联想集团有限公司,https://www.sse.com.cn/listing/renewal/ipo/index_listing_detail.shtml?auditId=863
苏州晶云药物科技股份有限公司,https://www.sse.com.cn/listing/renewal/ipo/index_listing_detail.shtml?auditId=580
上海吉凯基因医学科技股份有限公司,https://www.sse.com.cn/listing/renewal/ipo/index_listing_detail.shtml?auditId=875
上海海和药物研究开发股份有限公司,https://www.sse.com.cn/listing/renewal/ipo/index_listing_detail.shtml?auditId=846
浙江天地环保科技股份有限公司,https://www.sse.com.cn/listing/renewal/ipo/index_listing_detail.shtml?auditId=857
中天科技海缆股份有限公司,https://www.sse.com.cn/listing/renewal/ipo/index_listing_detail.shtml?auditId=899
杭州国泰环保科技股份有限公司,https://www.sse.com.cn/listing/renewal/ipo/index_listing_detail.shtml?auditId=837
上海重塑能源集团股份有限公司,https://www.sse.com.cn/listing/renewal/ipo/index_listing_detail.shtml?auditId=850
浙江博蓝特半导体科技股份有限公司,https://www.sse.com.cn/listing/renewal/ipo/index_listing_detail.shtml?auditId=795
浙江科惠医疗器械股份有限公司,https://www.sse.com.cn/listing/renewal/ipo/index_listing_detail.shtml?auditId=728
广州熵能创新材料股份有限公司,https://www.sse.com.cn/listing/renewal/ipo/index_listing_detail.shtml?auditId=957
浙江衣拿智能科技股份有限公司,https://www.sse.com.cn/listing/renewal/ipo/index_listing_detail.shtml?auditId=818
浙江晨泰科技股份有限公司,https://www.sse.com.cn/listing/renewal/ipo/index_listing_detail.shtml?auditId=760
赛赫智能设备（上海）股份有限公司,https://www.sse.com.cn/listing/renewal/ipo/index_listing_detail.shtml?auditId=730
浙江国祥股份有限公司,https://www.sse.com.cn/listing/renewal/ipo/index_listing_detail.shtml?auditId=785
南京茂莱光学科技股份有限公司,https://www.sse.com.cn/listing/renewal/ipo/index_listing_detail.shtml?auditId=690
远峰科技股份有限公司,https://www.sse.com.cn/listing/renewal/ipo/index_listing_detail.shtml?auditId=860
青岛易来智能科技股份有限公司,https://www.sse.com.cn/listing/renewal/ipo/index_listing_detail.shtml?auditId=822
依图科技有限公司,https://www.sse.com.cn/listing/renewal/ipo/index_listing_detail.shtml?auditId=769
吉利汽车控股有限公司,https://www.sse.com.cn/listing/renewal/ipo/index_listing_detail.shtml?auditId=703
北京乐普诊断科技股份有限公司,https://www.sse.com.cn/listing/renewal/ipo/index_listing_detail.shtml?auditId=787
青岛中科英泰商用系统股份有限公司,https://www.sse.com.cn/listing/renewal/ipo/index_listing_detail.shtml?auditId=789
中钢集团马鞍山矿山研究总院股份有限公司,https://www.sse.com.cn/listing/renewal/ipo/index_listing_detail.shtml?auditId=779
瑞能半导体科技股份有限公司,https://www.sse.com.cn/listing/renewal/ipo/index_listing_detail.shtml?auditId=696
旭宇光电（深圳）股份有限公司,https://www.sse.com.cn/listing/renewal/ipo/index_listing_detail.shtml?auditId=832
苏州瑞博生物技术股份有限公司,https://www.sse.com.cn/listing/renewal/ipo/index_listing_detail.shtml?auditId=823
浙江日风电气股份有限公司,https://www.sse.com.cn/listing/renewal/ipo/index_listing_detail.shtml?auditId=856
唐山百川智能机器股份有限公司,https://www.sse.com.cn/listing/renewal/ipo/index_listing_detail.shtml?auditId=718
中国科学院沈阳科学仪器股份有限公司,https://www.sse.com.cn/listing/renewal/ipo/index_listing_detail.shtml?auditId=815
上海冠龙阀门节能设备股份有限公司,https://www.sse.com.cn/listing/renewal/ipo/index_listing_detail.shtml?auditId=774
深圳市核达中远通电源技术股份有限公司,https://www.sse.com.cn/listing/renewal/ipo/index_listing_detail.shtml?auditId=735
苏州快可光伏电子股份有限公司,https://www.sse.com.cn/listing/renewal/ipo/index_listing_detail.shtml?auditId=770
上海奥普生物医药股份有限公司,https://www.sse.com.cn/listing/renewal/ipo/index_listing_detail.shtml?auditId=720
武汉珈创生物技术股份有限公司,https://www.sse.com.cn/listing/renewal/ipo/index_listing_detail.shtml?auditId=805
深圳微众信用科技股份有限公司,https://www.sse.com.cn/listing/renewal/ipo/index_listing_detail.shtml?auditId=584
广东芬尼科技股份有限公司,https://www.sse.com.cn/listing/renewal/ipo/index_listing_detail.shtml?auditId=742
宁波环洋新材料股份有限公司,https://www.sse.com.cn/listing/renewal/ipo/index_listing_detail.shtml?auditId=841
京东数字科技控股股份有限公司,https://www.sse.com.cn/listing/renewal/ipo/index_listing_detail.shtml?auditId=712
北京天广实生物技术股份有限公司,https://www.sse.com.cn/listing/renewal/ipo/index_listing_detail.shtml?auditId=717
吉林省中研高分子材料股份有限公司,https://www.sse.com.cn/listing/renewal/ipo/index_listing_detail.shtml?auditId=741
广州广合科技股份有限公司,https://www.sse.com.cn/listing/renewal/ipo/index_listing_detail.shtml?auditId=809
福建汇川物联网技术科技股份有限公司,https://www.sse.com.cn/listing/renewal/ipo/index_listing_detail.shtml?auditId=597
上海康鹏科技股份有限公司,https://www.sse.com.cn/listing/renewal/ipo/index_listing_detail.shtml?auditId=333
森泰英格（成都）数控刀具股份有限公司,https://www.sse.com.cn/listing/renewal/ipo/index_listing_detail.shtml?auditId=764
浙江齐治科技股份有限公司,https://www.sse.com.cn/listing/renewal/ipo/index_listing_detail.shtml?auditId=761
佛山市联动科技股份有限公司,https://www.sse.com.cn/listing/renewal/ipo/index_listing_detail.shtml?auditId=729
上海禾赛科技股份有限公司,https://www.sse.com.cn/listing/renewal/ipo/index_listing_detail.shtml?auditId=840
朝阳微电子科技股份有限公司,https://www.sse.com.cn/listing/renewal/ipo/index_listing_detail.shtml?auditId=772
无锡市尚沃医疗电子股份有限公司,https://www.sse.com.cn/listing/renewal/ipo/index_listing_detail.shtml?auditId=414
浙江开创环保科技股份有限公司,https://www.sse.com.cn/listing/renewal/ipo/index_listing_detail.shtml?auditId=773
上海蓝科石化环保科技股份有限公司,https://www.sse.com.cn/listing/renewal/ipo/index_listing_detail.shtml?auditId=740
德威华泰科技股份有限公司,https://www.sse.com.cn/listing/renewal/ipo/index_listing_detail.shtml?auditId=796
江苏国光信息产业股份有限公司,https://www.sse.com.cn/listing/renewal/ipo/index_listing_detail.shtml?auditId=836
安徽森泰木塑集团股份有限公司,https://www.sse.com.cn/listing/renewal/ipo/index_listing_detail.shtml?auditId=713
紫泉能源技术股份有限公司,https://www.sse.com.cn/listing/renewal/ipo/index_listing_detail.shtml?auditId=726
杭州百子尖科技股份有限公司,https://www.sse.com.cn/listing/renewal/ipo/index_listing_detail.shtml?auditId=813
博创智能装备股份有限公司,https://www.sse.com.cn/listing/renewal/ipo/index_listing_detail.shtml?auditId=782
云知声智能科技股份有限公司,https://www.sse.com.cn/listing/renewal/ipo/index_listing_detail.shtml?auditId=768
深圳市柔宇科技股份有限公司,https://www.sse.com.cn/listing/renewal/ipo/index_listing_detail.shtml?auditId=826
龙迅半导体（合肥）股份有限公司,https://www.sse.com.cn/listing/renewal/ipo/index_listing_detail.shtml?auditId=754
锐芯微电子股份有限公司,https://www.sse.com.cn/listing/renewal/ipo/index_listing_detail.shtml?auditId=647
浙江光华科技股份有限公司,https://www.sse.com.cn/listing/renewal/ipo/index_listing_detail.shtml?auditId=474
丹娜（天津）生物科技股份有限公司,https://www.sse.com.cn/listing/renewal/ipo/index_listing_detail.shtml?auditId=775
洛阳中超新材料股份有限公司,https://www.sse.com.cn/listing/renewal/ipo/index_listing_detail.shtml?auditId=748
北京中科晶上科技股份有限公司,https://www.sse.com.cn/listing/renewal/ipo/index_listing_detail.shtml?auditId=744
广东鸿铭智能股份有限公司,https://www.sse.com.cn/listing/renewal/ipo/index_listing_detail.shtml?auditId=437
包头天和磁材科技股份有限公司,https://www.sse.com.cn/listing/renewal/ipo/index_listing_detail.shtml?auditId=702
上海拓璞数控科技股份有限公司,https://www.sse.com.cn/listing/renewal/ipo/index_listing_detail.shtml?auditId=572
天士力生物医药股份有限公司,https://www.sse.com.cn/listing/renewal/ipo/index_listing_detail.shtml?auditId=706
北京芯愿景软件技术股份有限公司,https://www.sse.com.cn/listing/renewal/ipo/index_listing_detail.shtml?auditId=464
苏州康代智能科技股份有限公司,https://www.sse.com.cn/listing/renewal/ipo/index_listing_detail.shtml?auditId=643
山西锦波生物医药股份有限公司,https://www.sse.com.cn/listing/renewal/ipo/index_listing_detail.shtml?auditId=510
江苏正济药业股份有限公司,https://www.sse.com.cn/listing/renewal/ipo/index_listing_detail.shtml?auditId=791
昆腾微电子股份有限公司,https://www.sse.com.cn/listing/renewal/ipo/index_listing_detail.shtml?auditId=691
成都新朝阳作物科学股份有限公司,https://www.sse.com.cn/listing/renewal/ipo/index_listing_detail.shtml?auditId=659
云南北方奥雷德光电科技股份有限公司,https://www.sse.com.cn/listing/renewal/ipo/index_listing_detail.shtml?auditId=375
上海健耕医药科技股份有限公司,https://www.sse.com.cn/listing/renewal/ipo/index_listing_detail.shtml?auditId=439
江苏微导纳米科技股份有限公司,https://www.sse.com.cn/listing/renewal/ipo/index_listing_detail.shtml?auditId=581
上海泽生科技开发股份有限公司,https://www.sse.com.cn/listing/renewal/ipo/index_listing_detail.shtml?auditId=565
上海合晶硅材料股份有限公司,https://www.sse.com.cn/listing/renewal/ipo/index_listing_detail.shtml?auditId=563
赛克赛斯生物科技股份有限公司,https://www.sse.com.cn/listing/renewal/ipo/index_listing_detail.shtml?auditId=646
艾索信息股份有限公司,https://www.sse.com.cn/listing/renewal/ipo/index_listing_detail.shtml?auditId=382
泰州亿腾景昂药业股份有限公司,https://www.sse.com.cn/listing/renewal/ipo/index_listing_detail.shtml?auditId=593
青岛中加特电气股份有限公司,https://www.sse.com.cn/listing/renewal/ipo/index_listing_detail.shtml?auditId=442
东软医疗系统股份有限公司,https://www.sse.com.cn/listing/renewal/ipo/index_listing_detail.shtml?auditId=654
长沙兴嘉生物工程股份有限公司,https://www.sse.com.cn/listing/renewal/ipo/index_listing_detail.shtml?auditId=507
深圳汉弘数字印刷集团股份有限公司,https://www.sse.com.cn/listing/renewal/ipo/index_listing_detail.shtml?auditId=396
江苏柯菲平医药股份有限公司,https://www.sse.com.cn/listing/renewal/ipo/index_listing_detail.shtml?auditId=506
广州市溢信科技股份有限公司,https://www.sse.com.cn/listing/renewal/ipo/index_listing_detail.shtml?auditId=562
河南秋乐种业科技股份有限公司,https://www.sse.com.cn/listing/renewal/ipo/index_listing_detail.shtml?auditId=554
北京天科合达半导体股份有限公司,https://www.sse.com.cn/listing/renewal/ipo/index_listing_detail.shtml?auditId=663
深圳市万佳安物联科技股份有限公司,https://www.sse.com.cn/listing/renewal/ipo/index_listing_detail.shtml?auditId=561
国网智能科技股份有限公司,https://www.sse.com.cn/listing/renewal/ipo/index_listing_detail.shtml?auditId=537
上海博科资讯股份有限公司,https://www.sse.com.cn/listing/renewal/ipo/index_listing_detail.shtml?auditId=650
山东泰丰智能控制股份有限公司,https://www.sse.com.cn/listing/renewal/ipo/index_listing_detail.shtml?auditId=651
传神语联网网络科技股份有限公司,https://www.sse.com.cn/listing/renewal/ipo/index_listing_detail.shtml?auditId=294
精英数智科技股份有限公司,https://www.sse.com.cn/listing/renewal/ipo/index_listing_detail.shtml?auditId=293
桂林智神信息技术股份有限公司,https://www.sse.com.cn/listing/renewal/ipo/index_listing_detail.shtml?auditId=477
赛赫智能设备（上海）股份有限公司,https://www.sse.com.cn/listing/renewal/ipo/index_listing_detail.shtml?auditId=327
慧捷（上海）科技股份有限公司,https://www.sse.com.cn/listing/renewal/ipo/index_listing_detail.shtml?auditId=465
郑州信大捷安信息技术股份有限公司,https://www.sse.com.cn/listing/renewal/ipo/index_listing_detail.shtml?auditId=272
贵州白山云科技股份有限公司,https://www.sse.com.cn/listing/renewal/ipo/index_listing_detail.shtml?auditId=130
微创（上海）网络技术股份有限公司,https://www.sse.com.cn/listing/renewal/ipo/index_listing_detail.shtml?auditId=291
广东晶科电子股份有限公司,https://www.sse.com.cn/listing/renewal/ipo/index_listing_detail.shtml?auditId=309
深圳宜搜天下科技股份有限公司,https://www.sse.com.cn/listing/renewal/ipo/index_listing_detail.shtml?auditId=257
威海市天罡仪表股份有限公司,https://www.sse.com.cn/listing/renewal/ipo/index_listing_detail.shtml?auditId=304
河南科隆新能源股份有限公司,https://www.sse.com.cn/listing/renewal/ipo/index_listing_detail.shtml?auditId=268
傲基科技股份有限公司,https://www.sse.com.cn/listing/renewal/ipo/index_listing_detail.shtml?auditId=258
广州宏晟光电科技股份有限公司,https://www.sse.com.cn/listing/renewal/ipo/index_listing_detail.shtml?auditId=203
广州禾信仪器股份有限公司,https://www.sse.com.cn/listing/renewal/ipo/index_listing_detail.shtml?auditId=201
绍兴兴欣新材料股份有限公司,https://www.sse.com.cn/listing/renewal/ipo/index_listing_detail.shtml?auditId=175
上海拓璞数控科技股份有限公司,https://www.sse.com.cn/listing/renewal/ipo/index_listing_detail.shtml?auditId=183
江苏浩欧博生物医药股份有限公司,https://www.sse.com.cn/listing/renewal/ipo/index_listing_detail.shtml?auditId=127
安翰科技（武汉）股份有限公司,https://www.sse.com.cn/listing/renewal/ipo/index_listing_detail.shtml?auditId=10
江西金达莱环保股份有限公司,https://www.sse.com.cn/listing/renewal/ipo/index_listing_detail.shtml?auditId=106
广州佛朗斯股份有限公司,https://www.sse.com.cn/listing/renewal/ipo/index_listing_detail.shtml?auditId=191
博拉网络股份有限公司,https://www.sse.com.cn/listing/renewal/ipo/index_listing_detail.shtml?auditId=129
先临三维科技股份有限公司,https://www.sse.com.cn/listing/renewal/ipo/index_listing_detail.shtml?auditId=155
上海赛伦生物技术股份有限公司,https://www.sse.com.cn/listing/renewal/ipo/index_listing_detail.shtml?auditId=156
中联云港数据科技股份有限公司,https://www.sse.com.cn/listing/renewal/ipo/index_listing_detail.shtml?auditId=237
华夏天信智能物联股份有限公司,https://www.sse.com.cn/listing/renewal/ipo/index_listing_detail.shtml?auditId=172
上海泰坦科技股份有限公司,https://www.sse.com.cn/listing/renewal/ipo/index_listing_detail.shtml?auditId=99
光通天下网络科技股份有限公司,https://www.sse.com.cn/listing/renewal/ipo/index_listing_detail.shtml?auditId=181
北京连山科技股份有限公司,https://www.sse.com.cn/listing/renewal/ipo/index_listing_detail.shtml?auditId=147
北京国科环宇科技股份有限公司,https://www.sse.com.cn/listing/renewal/ipo/index_listing_detail.shtml?auditId=107
视联动力信息技术股份有限公司,https://www.sse.com.cn/listing/renewal/ipo/index_listing_detail.shtml?auditId=86
成都苑东生物制药股份有限公司,https://www.sse.com.cn/listing/renewal/ipo/index_listing_detail.shtml?auditId=78
上海新数网络科技股份有限公司,https://www.sse.com.cn/listing/renewal/ipo/index_listing_detail.shtml?auditId=188
深圳市贝斯达医疗股份有限公司,https://www.sse.com.cn/listing/renewal/ipo/index_listing_detail.shtml?auditId=25
北京海天瑞声科技股份有限公司,https://www.sse.com.cn/listing/renewal/ipo/index_listing_detail.shtml?auditId=92
北京诺康达医药科技股份有限公司,https://www.sse.com.cn/listing/renewal/ipo/index_listing_detail.shtml?auditId=110
和舰芯片制造（苏州）股份有限公司,https://www.sse.com.cn/listing/renewal/ipo/index_listing_detail.shtml?auditId=16
北京木瓜移动科技股份有限公司,https://www.sse.com.cn/listing/renewal/ipo/index_listing_detail.shtml?auditId=49
武汉新芯集成电路股份有限公司,https://www.sse.com.cn/listing/renewal/ipo/index_listing_detail.shtml?auditId=2044
